店舗名,市町,店舗所在地,店舗電話,店舗ＦＡＸ
マルエー　鶴来店,白山市,白山市鶴来下東町カ26,(076)272-0217,(076)273-9072
マルエー　久安店,金沢市,金沢市久安2丁目282,(076)241-1070,(076)242-6369
マルエー　元菊店,金沢市,金沢市元菊町17番33号,(076)233-3566,(076)233-2781
マルエー　松任店,白山市,白山市成町236-1,(076)274-0767,(076)274-6789
マルエー　根上店,能美市,能美市大成町ト-15,(0761)55-1039,(0761)55-2418
マルエー　山中店,加賀市,加賀市山中温泉本町1丁目ト29-1,(0761)78-0403,(0761)78-5024
マルエー　大聖寺店,加賀市,加賀市大聖寺南町ニ61,(0761)73-2220,(0761)73-0990
マルエー　井口店,白山市,白山市井口町ロ53-1,(076)273-1682,(076)273-1183
マルエー　寺井店,能美市,能美市寺井町タ76,(0761)57-0550,(0761)57-1321
マルエー　土居原店,小松市,小松市土居原町510-2,(0761)20-3800,(0761)20-3801
マルエー　小立野店,金沢市,金沢市小立野2丁目42-38,(076)265-6611,(076)265-6650
マルエー　若杉店,小松市,小松市若杉町2丁目97,(0761)22-0737,(0761)22-0747
マルエー　片山津店,加賀市,加賀市潮津町ロ-18,(0761)74-8118,(0761)74-8166
マルエー　まぎら店,金沢市,金沢市間明町1丁目221,(076)291-5677,(076)291-5760
マルエー　押野店,野々市市,野々市市押野6丁目140,(076)294-7870,(076)294-8008
マルエー　泉野店,金沢市,金沢市泉野町1丁目9番3号,(076)226-8655,(076)226-8677
マルエー　符津店,小松市,小松市符津町タ36-2,(0761)44-8118,(0761)44-8117
マルエー　二日市店,野々市市,野々市市二日市4丁目143番地,(076)246-2820,(076)246-2886
マルエー　春日店,金沢市,金沢市春日町1番7号,(076)272-0152,(076)273-3555
マルエー　内灘店,内灘町,河北郡内灘町字向陽台1丁目144番地,(076)256-1422,(076)256-1452
マルエー　加茂店,加賀市,加賀市加茂町115番地1,(0761)75-7604,(0761)78-5024
マルエー　彦三店,金沢市,金沢市彦三町2丁目9番9号,(076)208-7461,(076)208-7462
三崎ストアー　森本店,金沢市,金沢市吉原町ホ210番地,(076)258-6866,(076)258-1761
三崎ストアー　モモサカ店,金沢市,金沢市百坂町二25番地,(076)258-4141,(076)257-2449
三崎ストアー　サンパーク店,能美市,能美市辰口町505番地,(0761)51-5151,(0761)51-5157
三崎ストアー　パセオ店,金沢市,金沢市湖陽1丁目1番地,(076)258-3955,(076)258-5611
ニュー三久　城南店,金沢市,金沢市城南2-36-1,(076)262-2313,
ニュー三久　三陽店,金沢市,金沢市三口新町4-3-2,(076)222-3535,
ニュー三久　あかつき市場店,金沢市,金沢市暁町11-22,(076)261-8139,
ニュー三久　伏見台店,金沢市,金沢市伏見台2-1-10,(076)247-5255,
ニュー三久　泉が丘店,金沢市,金沢市富樫1丁目3-27,(076)245-5039,
コープたまぼこ,金沢市,金沢市玉鉾1丁目180番地,(076)292-3338,(076)292-9001
コープおおぬか,金沢市,金沢市大額2丁目50番地,(076)220-6688,(076)220-7340
マルナカ青果,金沢市,金沢市石引2丁目3番1号,(076)263-5666,(076)263-5666
ＪＡあぐり,小松市,小松市日末町イ59-1,(0761)43-0351,(0761)43-1400
神子の里,羽咋市,羽咋市神子原町は190番地,(0767)26-3580,(0767)26-3581
農産物直売所「おくのといち」,能登町,鳳珠郡能登町行延260番地,(0768)72-2678,(0768)72-0274
１００banマートAガイヤ,金沢市,金沢市木ノ新保町1-1　金沢駅西口ビル くつろぎ館2F100banマート内,(076)260-3700,(076)260-3711
どんたく　新鮮館,七尾市,七尾市作事町80,(0767)53-2727,(0767)52-6254
どんたく　東部店,七尾市,七尾市大和町チ部12の1,(0767)53-6233,(0767)53-7026
どんたく　ベイモール店,七尾市,七尾市小島町大開地1-78,(0767)52-2731,(0767)53-7037
どんたく　ナッピィ店,七尾市,七尾市藤野町ロ部38番地,(0767)53-6080,(0767)52-1660
どんたく　アスティ店,七尾市,七尾市藤橋町申部4番地,(0767)52-0666,(0767)52-7890
どんたく　タント店,七尾市,七尾市奥原町上部133番地,(0767)62-0220,(0767)62-0221
どんたく　穴水店,穴水町,鳳珠郡穴水町此木1-30番,(0768)52-8555,(0768)52-8550
どんたく　宇出津店,能登町,鳳珠郡能登町宇出津新港2丁目7番地（ショッピングセンターALP内）,(0768)62-1228,(0768)62-1225
どんたく　高浜店,志賀町,羽咋郡志賀町高浜町ヤ251,(0767)32-8180,(0767)32-8188
どんたく　エブリィ鳥屋店,中能登町,鹿島郡中能登町良川と57番地,(0767)74-2755,(0767)74-2820
どんたく　西南部店,金沢市,金沢市保本3丁目84,(076)290-0400,(076)290-0301
どんたく　西金沢店,金沢市,金沢市西金沢3丁目196-1,(076)290-0708,(076)290-0750
どんたく　かほく店,かほく市,かほく市木津ハ5-1,(076)285-2712,(076)285-2717
どんたく　津幡シグナス通り店,津幡町,河北郡津幡町字横浜へ66,(076)288-2346,(076)289-4461
Ａコープ　国府店,小松市,小松市河田町ヌ48-1,(0761)47-1114,(0761)47-1109
Ａコープ　蝶屋店,白山市,白山市西米光町チ100,(076)278-2225,(076)278-4514
プララＡコープ　富奥店,野々市市,野々市市粟田1-266,(076)246-1178,(076)246-1152
Ａコープ　手取店,白山市,白山市吉野夏118番地,(076)255-5566,(076)255-5999
Ａコープ　とぎ店,志賀町,羽咋郡志賀町里本江242,(0767)42-2288,(0767)28-2289
Ａコープ　もんぜん店,輪島市,輪島市門前町本市12-138,(0768)42-1000,(0768)42-1896
Ａコープ　能都店,能登町,鳳珠郡宇出津ト17,(0768)62-2229,(0768)62-3779
Ａコープ　内浦店,能登町,鳳珠郡松波10-54-甲1,(0768)72-2060,(0768)72-8048
Ａコープ　笠舞店,金沢市,金沢市笠舞1丁目8-48,(076)231-5357,(076)231-5314
Ａコープ　今江店,小松市,小松市今江町1-305,(0761)23-6150,(0761)23-6151
Ａコープ　山代店,加賀市,加賀市山代温泉22-5-1,(0761)77-0112,(0761)77-0113
Ａコープ　粟津店,小松市,小松市箕輪町ロ7-1,(0761)44-7221,(0761)44-7222
Ａコープ　加賀野店,白山市,白山市西柏1丁目2-1,(076)276-6171,(076)276-9036
Ａコープ　つばた店,津幡町,河北郡津幡町加賀爪ハ99,(076)289-6600,(076)289-6605
Ａコープ　安原店,金沢市,金沢市上安原町140街区12番地,(076)269-7800,(076)269-7765
ファーマーズＡコープ　北安田店,白山市,白山市北安田西1丁目50番地,(076)274-7116,(076)274-7005
Ａコープ　かほく店,かほく市,かほく市内日角1丁目24番地1,(076)283-5222,(076)283-5225
Ａコープ　新旭店,白山市,白山市新田町34-1,(076)276-1333,(076)276-9037
Ａコープ　桔梗山代店,加賀市,加賀市山代温泉16-78-1,(0761)77-7810,(0761)77-7811
あだちストア　ジョイフル店,羽咋市,羽咋市中央町フ168-1,,
あだちストア　御陵前店,羽咋市,羽咋市川原町テ1－1,,
スーパーぢんなか,金沢市,金沢市小立野3丁目4-18,(076)221-1229,(076)221-1776
いろはストアー,穴水町,鳳珠郡穴水町川島町キ124,(0768)52-0033,(0768)52-3166
ひまわりチェーン寺町店,金沢市,金沢市寺町1丁目14-11,(076‐241‐3956,(076‐241‐6397
ひまわりチェーン　泉野店,金沢市,金沢市泉野町3丁目1-35 ,(076)243-1138,(076)243-1139
ひまわりチェーン　額店,金沢市,金沢市額新町1丁目6番地,(076)298-7744,(076)298-7744
フルーツ＆フーズ平野屋・寺町店,金沢市,金沢市寺町4丁目3-4,(076)242-8885,(076)242-8817
フルーツファーム平野屋・高尾台本店,金沢市,金沢市高尾台4-75,(076)296-1855,(076)296-1877
八百屋　松田久直商店,金沢市,金沢市新竪町3-104,(076‐231‐5675,(076‐231‐6658
中林食料品店,金沢市,金沢市白菊町13-1,(076)241-0291,(076)241-0291
橋本果実店,金沢市,金沢市彦三町1-2-22,(076)261-3666,(076)261-3666
有限会社松原屋商店,金沢市,金沢市片町2丁目12番18号,(076)221-2362,(076)221-2812
よこい青果,金沢市,金沢市上近江町50,(076)232-2235,(076)262-3444
フルーツ坂野　近江町市場店,金沢市,金沢市青草町88,(076)261-4473,(076)261-4473
役山商店,金沢市,金沢市上近江町36,(076)264-4144,
フルーツランドやまむら,金沢市,金沢市円光寺3-4-7,(076)241-0031,(076)241-0031
中佐商店,内灘町,河北郡内灘町大清台308,(076)286-1219,(076)261‐0202
有限会社北川食品,金沢市,金沢市十間町35,(076)264-1711,(076)264-1752
市安商店,金沢市,金沢市青草町88,(076)263-9238,(076)263-9238
金沢港いきいき魚市　石川県漁業協同組合,金沢市,金沢市無量寺町ヲ52番地,,
金沢港いきいき魚市　株式会社重福,金沢市,金沢市無量寺町ヲ52番地,,
金沢港いきいき魚市　有限会社マルヤ水産,金沢市,金沢市無量寺町ヲ52番地,,
金沢港いきいき魚市　株式会社新田商店,金沢市,金沢市無量寺町ヲ52番地,,
金沢港いきいき魚市　上島商店,金沢市,金沢市無量寺町ヲ52番地,,
金沢港いきいき魚市　海道物産株式会社,金沢市,金沢市無量寺町ヲ52番地,,
サカイダフルーツ　八百八青果,金沢市,金沢市武蔵町15-1（名鉄エムザB1F）,(076)260-2404,(076)260-2108
株式会社堀他　香林坊大和店,金沢市,金沢市香林坊1-1-1　B1,(076)220-1146,(076)220-1146
株式会社堀他　近江町店,金沢市,金沢市上近江町50-1　近江町ふれあい館,(076)221-0307,(076)231-3898
株式会社堀他　本社配送センター,金沢市,金沢市駅西本町2-3-1,(076)221-0308,(076)221-0130
堂井鮮魚店,金沢市,金沢市寺町3丁目12-15,(076)244-9565,
中川鮮魚店,金沢市,金沢市千日町1-8,(076)241-3576,
中田鮮魚店,金沢市,金沢市寺町1丁目11-6,(076)241-4048,
とぎや商店,金沢市,金沢市泉2丁目16-12,(076)241-2348,
吉田鮮魚店,金沢市,金沢市寺町1丁目14-11（ひまわり寺町店内）,(076)241-7291,
株式会社中央生鮮食品,金沢市,金沢市新竪町3丁目38,(076)264-1272,
有限会社パム,金沢市,金沢市金沢市片町1丁目12-20,(076)222-1242,
有限会社西商店,金沢市,金沢市笠舞2丁目1-19,(076)261-0357,
株式会社フィッシュセンター　キタガワ,金沢市,金沢市石引4丁目4-11,(076)231-6793,
岡沢鮮魚店,金沢市,金沢市末町17-1-1,(076)229-0739,
越吉鮮魚店,金沢市,金沢市扇町5-14,(076)231-7451,
矢野鮮魚店,金沢市,金沢市横山町18-11,(076)221-2125,
あたらしや,金沢市,金沢市天神町2丁目2-12,(076)231-6528,
有限会社くらべ水産,金沢市,金沢市本江町7-41,(076)291-1295,
西村鮮魚店,金沢市,金沢市長町1丁目4-58（中村ストアー内）,(076)231-6258,
庄田鮮魚店,金沢市,金沢市北安江2丁目10-23,(076)231-0743,
坂本食品,金沢市,金沢市玉川町13-5,(076)221-5756,
竹野商店,内灘町,河北郡内灘町大根布2丁目192,(076)286-0055,
坂井鮮魚店,金沢市,金沢市駅西新町1-24-10,(076)261-0611,
魚かつ鮮魚店,金沢市,金沢市田中町い60,(076)252-1516,
斉田屋鮮魚店,金沢市,金沢市東山1丁目2-16,(076)252-0474,
川部鮮魚店,金沢市,金沢市小坂町東98-1,(076)252-7050,
大口水産株式会社,金沢市,金沢市上近江町38,(076)263-454,
大松水産株式会社,金沢市,金沢市上近江町33,(076)263-1201,
ヤマカ水産株式会社　本店,金沢市,金沢市下近江町30-1,(076)232-1255,
ヤマカ水産株式会社　ギフト事業部,金沢市,金沢市下近江町30-1,(076)262-7774,
ヤマカ水産株式会社　近江町店,金沢市,金沢市青草町21,(076)232-1867,
ヤマカ水産株式会社　百番街店,金沢市,金沢市広岡町ロ－1,(076)260-3736,
ヤマカ水産株式会社　金沢活魚,金沢市,金沢市湊4丁目69,(076)238-7650,
清商店,金沢市,金沢市青草町10,(076)221-2371,
株式会社忠村水産,金沢市,金沢市玉川町7-20,(076)263-5301,
杉本水産株式会社,金沢市,金沢市青草町88,(076)233-3738,
有限会社島田水産,金沢市,金沢市上近江町35,(076)262-9620,
有限会社新力水産,金沢市,金沢市青草町17,(076)221-3429,
有限会社川木商店,金沢市,金沢市青草町17,(076)231-5982,
三洋商店,金沢市,金沢市上近江町35,(076)263-2701,
有限会社一念大助,金沢市,金沢市上近江町46-3,(076)221-1532,
有限会社みやむら,金沢市,金沢市上近江町36,(076)224-3867,
松田商店,金沢市,金沢市金石西2丁目19-23,(076)267-0403,
河崎鮮魚店,金沢市,金沢市金石西3丁目5-17,(076)267-0536,
有限会社直市商店,金沢市,金沢市大野町4丁目68,(076)267-2205,
竹庄鮮魚店,金沢市,金沢市金石西3-7-8,(076)267-6238,
松むら鮮魚店,白山市,白山市鶴来本町2丁目ワ33,(076)272-0059,
金間屋,白山市,白山市鶴来下東町カ64,(076)272-0286,
カネマツ鮮魚店,白山市,白山市鶴来本町3丁目ヲ13-1,(076)272-0503,
山田鮮魚店,白山市,白山市日向町和100-3,(076)272-1641,
山下鮮魚店,白山市,白山市道法寺町へ16-3,(076)272-2341,
石田鮮魚店,野々市市,野々市市太平寺2丁目51,(076)248-0476,
株式会社平村　本店,津幡町,河北郡津幡町津幡ハ37,(076)289-2027,
株式会社平村　みなみ店,津幡町,河北郡津幡町加賀爪,(076)288-3980,
株式会社平村　高松店,かほく市,かほく市高松ア7-2,(076)281-3744,
喜多商店,かほく市,かほく市木津イ74-1,(076)285-0072,
斉藤鮮魚店,金沢市,金沢市八田町東529,(076)258-0359,
高島鮮魚店,金沢市,金沢市堅田町乙85,(076)258-5804,
有限会社吉倉水産,能美市,能美市寺井町タ210-2,(0761)57-0214,
有限会社原商店,宝達志水町,羽咋郡宝達志水町敷浪ハ120-41,(0767)29-3377,
五十嵐商店,白山市,白山市福留町660-136,(076)277-1987,
有限会社渡辺鮮魚店,金沢市,金沢市藤江南3丁目168-13,(076)268-3064,
北野食料品店,白山市,白山市白峰ロ159,(0761)98-2555,
連鮮魚店,内灘町,河北郡内灘町アカシア1丁目133,(076)238-3520,
株式会社山本水産,金沢市,金沢市西念4－14－8,(076)265-6559,
JAグリーン　わかばの里,七尾市,七尾市矢田新町イ部6番地7,(0767)54-0202,(0767)54-0212
竹の浦館,加賀市,加賀市大聖寺瀬越町イ19-1,(0761)73-8812,(0761)73-8813
きのこの里,小松市,小松市中海町10-82,(0761)47-4140,(0761)47-4068
JA根上直売所いきいき市,能美市,能美市大成町リ40,(0761)55-1104,(0761)55-1332
わくら朝市販売協議会,七尾市,七尾市神明町ロ部19-4,(0767)53-0834,(0767)52-5346
ふるさと五穀園,七尾市,七尾市中島町藤瀬19部38番地,(0767)66-2500,(0767)66-2501
ほがらか村　本店,金沢市,金沢市松寺町未59番地1,(076)237-0641,
ほがらか村　崎浦店,金沢市,金沢市小立野3丁目28-12,(076)237-0642,
ほがらか村　野田店,金沢市,金沢市野田町ム94－1,(076)245-4602,
フレッシュじょんから市,野々市市,野々市市本町6丁目8-42,(076)248-0022,(076)246-6210
里山健康学校　せせらぎの郷　直売所,小松市,小松市瀬領町丁1丁目1番地,(0761)46-1919,(0761)46-1818
能登七見健康福祉の郷「なごみ」農林水産物直売所,能登町,鳳珠郡能登町七見ツ字100番地,(0768)67-8200,(0768)67-8202
ＪＡグリーンはくい,羽咋市,羽咋市太田町と105?,(0767)26-8741,(0767)26-3300
押水特産市場,宝達志水町,羽咋郡宝達志水町宿26－43,(090)3261-9941,
JAグリーン松任　まいどさん市場,白山市,白山市倉光4丁目40,(076)274-2233,(076)274-1498
道の駅　とぎ海街道,志賀町,羽咋郡志賀町富来領家町タ-2-11,(0767)42-0975,(0767)42-2481
ファーマーズマーケット　よらんかいねぇ広場,白山市,白山市井口町に58-1,(076)273-3002,(076)273-1977
六星直売所　むっつぼし松任本店,白山市,白山市橋爪町104番地,(076)276-5266,(076)276-5424
むっつぼし金沢長坂店,金沢市,金沢市長坂2丁目24番地3号,(076)276-5266,(076)276-5425
金沢百番街すゞめ,金沢市,金沢市木ノ新保町１－１,(076)276-5266,(076)276-5425
ＰＬＡＮＴ３　津幡店,津幡町,河北郡津幡町庄ヌ3,(076)288-8200,(076)288-8305
ＰＬＡＮＴ３　川北店,川北町,能美郡川北町朝日63,(076)277-8200,(076)277-8201
JAグリーン能美「能美の市」,能美市,能美市粟生町あ1番地,(0761)57-4831,(0761)57-4731
すゞや今日楼,加賀市,加賀市山中温泉下谷町ニ340,(0761)78-4848,(0761)78-0453
北形青果,金沢市,金沢市下近江町50番地,(076)223-8213,(076)231-5511
田中青果店,金沢市,金沢市上近江町33-1,(076)232-1777,(076)232-1777
業務スーパー 押水店,宝達志水町,羽咋郡宝達志水町河原ミ58,(0767)28-8111,(0767)28-8112
柴山商店,白山市,白山市吉野　1-1,(076)255-5032,
高本酒店,津幡町,河北郡津幡町字種ル14-1,,
吉岡食料品店,羽咋市,羽咋市大川町2-161,,
食彩館 せせらぎ,白山市,白山市出合町甲36番地,(076)254-2888,(076)254-2889
山法師,白山市,白山市吉野春25,(076)255-5592,
河内地場産業センター,白山市,白山市河内町福岡124,(076)273-1190,(076)273-1082
ローソン 金沢本多町三丁目店,金沢市,金沢市本多町3－3－15,(076)231-6304,
ローソン 金沢片町二丁目店,金沢市,金沢市片町2丁目25－20,(076)223-6090,
ローソン 金沢もりの里店,金沢市,金沢市もりの里2丁目82番,(076)232-3750,
ローソン 金沢不動寺町店,金沢市,金沢市不動寺町ロ11－1,(076)257-7818,
ローソン 金沢弥勒町店,金沢市,金沢市弥勒町カ56,(076)258-5552,
ローソン 金沢金石店,金沢市,金沢市金石本町ロ4,(076)268-3963,
ローソン 金沢北塚町店,金沢市,金沢市北塚町西4番,(076)249-7537,
ローソン 金沢藤江北店,金沢市,金沢市藤江北1-309,(076)267-7175,
ローソン 金沢武蔵町店,金沢市,金沢市武蔵町14－33,(076)262-6196,
ローソン 金沢福久町店,金沢市,金沢市福久町オ4番1,(076)257-4433,
ローソン 金沢鞍月店,金沢市,金沢市戸水1-88,(076)239-0678,
ローソン 金沢上安原町店,金沢市,金沢市上安原町114街区1,(076)214-3678,
ローソン 金沢木越町店,金沢市,金沢市木越町ト98－1,(076)237-5506,
ローソン 金沢諸江町店,金沢市,金沢市諸江町中丁348－1,(076)237-0168,
ローソン 金沢大額店,金沢市,金沢市大額2丁目29-1,(076)296-0805,
ローソン 金沢神宮寺店,金沢市,金沢市神宮寺1丁目241番,(076)253-2377,
ローソン 金沢畝田店,金沢市,金沢市畝田東4丁目1141,(076)268-3152,
ローソン 金沢保古店,金沢市,金沢市保古1丁目43番,(076)249-4578,
ローソン 金沢粟崎町店,金沢市,金沢市粟崎町3丁目1－1,(076)238-7433,
ローソン 金沢駅西本町店,金沢市,金沢市駅西本町三丁目610番地,(076)263-2270,
ローソン 金沢横川店,金沢市,金沢市横川3丁目60番,(076)241-5744,
ローソン 金沢間明町店,金沢市,金沢市間明町2丁目24番地,(076)292-7595,
ローソン 金沢長坂店,金沢市,金沢市長坂3丁目5番33号,(076)244-8388,
ローソン 金沢弥生店,金沢市,金沢市弥生1丁目19番15号,(076)244-3302,
ローソン 金沢有松店,金沢市,金沢市有松3丁目4番1号,(076)242-6788,
ローソン 金沢額新保店,金沢市,金沢市額新保1丁目332,(076)298-9769,
ローソン 金沢大豆田本町店,金沢市,金沢市大豆田本町甲282－1,(076)231-0048,
ローソン 金沢タテマチストリート店,金沢市,金沢市竪町24番地,(076)234-0077,
ローソン 金沢南町中央店,金沢市,金沢市南町3番1号,(076)263-3088,
ローソン 金沢新神田店,金沢市,金沢市新神田1丁目10番83号,(076)291-5517,
ローソン 金沢諸江中丁店,金沢市,金沢市諸江町中丁250番1,(076)223-6677,
ローソン 金沢田上店,金沢市,金沢市田上本町土地区画整理事業施工区域内10街区1,(076)222-3621,
ローソン 金沢八日市店,金沢市,金沢市八日市4丁目332番地,,
ローソン 金沢泉店,金沢市,金沢市泉2丁目54番,,
ローソン 金沢米泉店,金沢市,金沢市米泉町7丁目46番,,
ローソン 金沢末町犀川局前店,金沢市,金沢市末町16字11－1,,
ローソン 金沢問屋町一丁目店,金沢市,金沢市問屋町1－115－1,,
ローソン 金沢鳴和台店,金沢市,金沢市鳴和台87,,
ローソン 金沢山科店,金沢市,金沢市山科2－2－47,,
ローソン 御経塚北店,野々市市,野々市市字御経塚3-218,(076)269-2661,
ローソン 野々市粟田店,野々市市,野々市市粟田5丁目88街区2,(076)294-5214,
ローソン 野々市本町西店,野々市市,野々市市本町6－398,(076)248-6311,
ローソン 野々市押越店,野々市市,野々市市押越2-24,(076)294-2212,
ローソン　野々市本町店,野々市市,野々市市本町5丁目17番11号,,
ローソン 小松天神町店,小松市,小松市梯町10－1,(0761)33-5799,
ローソン 粟津温泉店,小松市,小松市井口町ほ32番,(0761)65-3505,
ローソン ＪＲ粟津駅前店,小松市,小松市符津町ウ-75-3,(0761)43-1448,
ローソン 小松白嶺町店,小松市,小松市白嶺町1丁目1番,(0761)23-3505,
ローソン 松任福留店,白山市,白山市福留町2081番,(076)277-3079,
ローソン 松任乾町店,白山市,白山市美里町2番地,(076)275-2640,
ローソン 松任茶屋店,白山市,白山市茶屋2丁目45番,(076)275-7108,
ローソン 鶴来白山町店,白山市,白山市白山町205番1,(076)272-0520,
ローソン 白山田中店,白山市,白山市田中町60－1,(076)276-0086,
ローソン 津幡北中条店,津幡町,河北郡津幡町字北中条11－130－1,(076)289-0028,
ローソン 金沢医科大学前店,内灘町,河北郡内灘町字大学2－189,(076)286-4949,
ローソン 加賀温泉駅前店,加賀市,加賀市小菅波町2－16,(0761)73-2209,
ローソン 加賀動橋店,加賀市,加賀市動橋町ホ29番地,(0761)74-8221,
ローソン 加賀大聖寺上福田店,加賀市,加賀市大聖寺上福田町ヌ22－1,,
ローソン 加賀別所店,加賀市,加賀市漆器団地22－5,,
ローソン 片山津インター前店,加賀市,加賀市伊切町い214番,(0761)74-1280,
ローソン 加賀片山津町店,加賀市,加賀市片山津町ユ61－12,(0761)74-0453,
ローソン 加賀大聖寺南店,加賀市,加賀市大聖寺南町ホ7－8,(0761)73-1102,
ローソン ゆのまち山代桔梗丘店,加賀市,加賀市山代温泉桔梗丘3－1－3,(0761)77-2707,
ローソン ゆのまち山代北店,加賀市,加賀市山代温泉15ー53ー1,(0761)77-6515,
ローソン 七尾光陽台店,七尾市,七尾市光陽台24,(0767)62-1106,
ローソン 七尾小島町店,七尾市,七尾市小島町9－9－1,(0767)54-8855,
ローソン 恵寿病院店,七尾市,七尾市富岡町94番地,(0767)53-5757,
ローソン 七尾中島町店,七尾市,七尾市中島町字崎山参61-1,(0767)66-2655,
ローソン 志賀福野店,志賀町,羽咋郡志賀町字福野5－1－1,(0767)32-5563,
ローソン かほく秋浜店,かほく市,かほく市秋浜ハ18-2,(076)283-5286,
ローソン かほく狩鹿野店,かほく市,かほく市狩鹿野ヌ51番1,,
ローソン 能美辰口店,能美市,能美市辰口町960番,(0761)51-0283,
ローソン 能美寺井店,能美市,能美市寺井町や26番地,(0761)58-6678,
ローソン 鹿島徳前店,中能登町,鹿島郡中能登町徳前31－1,(0767)76-8522,
ローソン 金沢芳斉二丁目店,金沢市,金沢市芳斉2-5-26,,
ローソン 白山森島,白山市,白山市森島町い14-4,,
ローソン 白山道法寺店,白山市,白山市道法寺町106,,
ローソン 金沢学院大学前店,金沢市,金沢市末町四字1-1,,
ローソン 能美辰口運動公園前店,能美市,能美市辰口町201,,
ローソン 白山相木町店,白山市,白山市相木町51-1-11,,
ローソン 加賀作見店,加賀市,加賀市作見町カ70-1,,
ローソン 能美岩内店,能美市,能美市岩内町1276,,
ローソン 金沢野町一丁目店,金沢市,金沢市野町1-192,,
ローソン 金沢西念三丁目店,金沢市,金沢市西念3-209,,
ローソン 山代九谷広場店,加賀市,加賀市山代温泉神明町4-2,,
ローソン 金沢駅金沢港口店,金沢市,金沢市広岡1-902-2,,
ローソン 加賀西島店,加賀市,加賀市西島町チ16-1,,
ローソン 山中温泉口店,加賀市,加賀市山中温泉塚谷町イ２４３,,
ローソン 本津幡店,津幡町,河北郡津幡町字庄ト６５‐５,,
ローソン 小松大島町店,小松市,小松市大島町１７０‐２,,
ローソン 金沢押野小学校前店,金沢市,金沢市八日市２‐４５５,,
ローソン 白山竹松町店,白山市,白山市竹松町１０４８‐１,,
ローソン 金沢西泉店,金沢市,金沢市西泉４‐１２９‐１,,
ローソン 金沢片町店,金沢市,金沢市片町１‐６‐１３,,
ローソン 津幡横浜店,津幡町,河北郡津幡町字横浜ヘ４０‐７,,
ローソン 金沢神宮寺二丁目店,金沢市,金沢市神宮寺２‐１６‐２２,,
ローソン 白山倉光一丁目店,白山市,白山市倉光１‐１５７,,
ローソン 金沢玉鉾五丁目店,金沢市,金沢市玉鉾５‐３７,,
ローソン 能登総合病院店,七尾市,七尾市藤橋町ア部６‐１９,,
ローソン 金沢大友三丁目店,金沢市,金沢市大友３‐４７,,
ローソン 羽咋中央町店,羽咋市,羽咋市中央町サ１３０‐６,,
ローソン 金沢若宮町店,金沢市,金沢市若宮町ホ３０‐１,,
ローソン 金沢福久東店,金沢市,金沢市福久東１‐４６‐１,,
ローソン 津幡みずほ病院前店,津幡町,河北郡津幡町字潟端４５１‐１,,
ローソン 金沢泉野出町店,金沢市,金沢市泉野出町２‐７‐１,,
ローソン 能美湯谷町店,能美市,能美市湯谷町１１３‐１,,
３０４水芭蕉会朝市,金沢市,金沢市東原町の旧３０４国道沿い　東原駐車場マチオモイ向い,(076)257-6023,(076)257-6023
湯涌朝市組合,金沢市,金沢市湯涌荒屋町47（金沢湯涌みどりの里内）,(076)235-8033,(076)235-8032
“河合谷の郷”即売所,津幡町,河北郡津幡町上大田和１,(076)287-1001(代),(076)287-1550(代)
道の駅倶利伽羅塾,津幡町,河北郡津幡町竹橋西270番地,(076)288-8668,(076)288-8669
イオン御経塚店,野々市市,野々市市御経塚2丁目91番地,(076)269-0130,(076)269-0131
イオンスタイルかほく,かほく市,かほく市内日角タ25番,(076)289-1000,
イオン松任店,白山市,白山市平松町102－1,(076)274-8600,(076)274-8611
イオン金沢店,金沢市,金沢市福久2丁目58番地,(076)258-7517,(076)258-7500
イオン野々市南店,野々市市,野々市市上林4－747,(076)246-8124,(076)246-8238
イオン加賀の里店,加賀市,加賀市上河崎町47－1,(0761)72-8800,(0761)72-8888
仕出し弁当　開花亭,能美市,能美市三道山町チ16－2,(0761)58-5037,(0761)58-5209
道の駅すずなり,珠洲市,珠洲市野々江町シｰ15,(0768)82-4688,(0768)82-6360
能登ワインギャラリー,穴水町,鳳珠郡穴水町字旭ヶ丘り5番1,(0768)58-1577,(0768)58-1588
魚工房　旬,七尾市,七尾市鵜浦町9部38－2,(0767)58-1350,(0767)58-1350
フレッシュフード＆リカーDAIMARU,珠洲市,珠洲市野々江町メ-48,(0768)82-1155,(0768)82-6277
荒忠商店,白山市,白山市美川永代町甲233,(076)278-5021,(076)278-4936
吉市醤油店,白山市,白山市安吉町78,(076)275-0908,(076)275-8181
トギストア,志賀町,羽咋郡志賀町富来地頭町8-169番地,(0767)42-0137,
かくだストア,能登町,鳳珠郡能登町宇出津新149,(0768)62-0032,(0768)62-3399
牛乳村夢番地,白山市,白山市向島町760番地1,(076)274-3698,(076)274-3699
志んさ本舗,白山市,白山市白峰ロ166－3,(076)259-2030,(076)259-2561
まままんま工房,小松市,小松市問屋町29,(0761)23-3920,(0761)24-2156
越原甘清堂,白山市,白山市鶴来本町2丁目ワ122,(076)272-0305,(076)272-0305
鶴野味噌店,白山市,白山市白峰ロ51－1,(076)259-2124,
にわか工房,白山市,白山市三ツ屋野町ト3－7,(076)255-5930,(076)255-5931
長助,白山市,白山市釜清水町ち2－1,(076)254-2003,
くろゆりの里,白山市,白山市三宮町ニ105－1,(076)273-5123,(076)273-5123
汐井酒店,白山市,白山市鶴来新町タ90－2,(076)272-0013,(076)273-0013
和乃菓　ひろの,白山市,白山市鶴来大国町ホ88－1,(076)272-0313,(076)272-0313
ベルエポック,金沢市,金沢市粟崎町1丁目54－1,(076)238-1175,
アルビス安原中央店,金沢市,金沢市福増町南1265,,
アルビス野々市三納店,野々市市,野々市市三納1丁目77,,
アルビス小松城南店,小松市,小松市下牧町己1街区1,,
アルビス内灘店,内灘町,河北郡内灘町大根布1－8－1,,
アルビス杜の里店,金沢市,金沢市もりの里3－170,,
アルビス笠舞店,金沢市,金沢市笠舞1－23－25,,
アルビス泉が丘中央店,金沢市,金沢市泉が丘2－8－3,,
アルビス泉が丘サンピア店,金沢市,金沢市円光寺2－345,,
アルビス辰口店,能美市,能美市三ツ屋3－1,,
アルビス寺井店,能美市,能美市寺井町ロ90－1,,
アルビス高柳店,金沢市,金沢市高柳町二字63番地1,,
アルビス大友店,金沢市,金沢市大友2丁目234番地,,
アルビス明倫通り店,野々市市,野々市市堀内4丁目95,,
アルビス西南部店,金沢市,金沢市八日市出町840番地,,
アルビス田上店,金沢市,金沢市田上さくら3丁目40番地,,
アルビス畝田店,金沢市,金沢市畝田西3丁目603番地,,
アルビス小松幸町店,小松市,小松市幸町3丁目119,,
アルビス羽咋宝達志水店,宝達志水町,羽咋郡宝達志水町二口へ7番,,
アルビス北安田店,白山市,白山市北安田町23街区69番,,
菓子工房　西都　ＫＯＧＵＲＡ,金沢市,金沢市西都1丁目54,(076)255-0607,(076)255-0607
飯田彩り市場,珠洲市,珠洲市飯田町15部12－1,(0768)82-3700,(0768)82-1608
お菓子処　山口堂,小松市,小松市殿町1－57,(0761)22-2016,(0761)23-0362
コメヤ薬局鶴来本店,白山市,白山市鶴来本町2丁目ワ43番地,,
ドラッグストアコメヤ久安店,金沢市,金沢市久安2丁目235,,
ドラッグストアコメヤ安養寺店,白山市,白山市安養寺町ロ3－1,,
ファミリーマート＋ドラッグストアコメヤ御経塚店,野々市市,野々市市御経塚3丁目128番地,,
ドラッグストアコメヤ小立野台店,金沢市,金沢市小立野2丁目42－36,,
ドラッグストアコメヤ月橋店,白山市,白山市月橋町414番地,,
高尾コメヤ薬局,金沢市,金沢市高尾南3丁目17番地,,
山島台コメヤ薬局,白山市,白山市山島台6丁目1番地,,
県庁前コメヤ薬局,金沢市,金沢市西都1丁目62,,
水戸町コメヤ薬局,白山市,白山市鶴来水戸町ノ59－1,,
かわちコメヤ薬局,白山市,白山市河内町きりの里64番地,,
ドラッグストアコメヤ根上店,能美市,能美市大成町ト10番地,,
野々市三納コメヤ薬局,野々市市,野々市市三納2丁目155番地,,
ドラッグストアコメヤアピタ金沢店,金沢市,金沢市中村町10番20号アピタ金沢店内,,
ドラッグストアコメヤアピオシティ加賀店,加賀市,加賀市作見町ル25－1アピオシティ加賀内,,
白峰コメヤ薬局,白山市,白山市白峰ハ157番1地　白峰福祉複合施設カルテット内2Ｆ,,
ドラッグストアコメヤ泉店,金沢市,金沢市泉2丁目6番5号,,
ファミリーマート薬コメヤ金沢武蔵店,金沢市,金沢市下堤町35-1,,
吉野谷コメヤ薬局,白山市,白山市佐良ロ130番地,,
原清商店（はらせ加工場）,白山市,白山市美川永代町甲1－8,(076)278-2764,(076)278-3487
高尾商店,穴水町,鳳珠郡穴水町甲ソ-119,(0768)58-1234,(0768)58-1235
むらのもちや,能登町,鳳珠郡能登町柳田仁部72－2,(0768)76-1200,(0768)76-1548
安新,白山市,白山市美川永代町ヲ134番地,(076)278-4934(店舗),(076)278-4934
和菓子　あさお樹庵,羽咋市,羽咋市旭町エ1－1,(0767)22-0006,(0767)22-7948
洋菓子のお店　ファミーユ,金沢市,金沢市藤江町南3丁目168－13,(076)267-7877,(076)267-7877
パティスリー木のひげ,金沢市,金沢市八日市1丁目675,(076)242-3636,
道の駅　桜峠,能登町,鳳珠郡能登町字当目2-24-24,(0768)76-1518,(0768)76-1518
JAグリーンかほく　そくさいかん,津幡町,河北郡津幡町字舟橋253,(076)288-8400,(076)288-7955
ワイプラザグルメ館　輪島店,輪島市,輪島市宅田町41番地,(0768)22-8500,(0768)22-8499
能登おおぞら村穴水,穴水町,鳳珠郡穴水町字此木3－33－2,(0768)52-3810,(0768)52-0076
ｽｰﾊﾟｰﾎｰﾑｾﾝﾀｰヤマキシ川北店,川北町,能美郡川北町字三反田中216-1,(076)277-7550,(076)277-7551
白峰特産品販売施設　菜さい,白山市,白山市白峰ロ-64-3,(076)259-2588,(076)259-2588
逸味　潮屋　本店,金沢市,金沢市西金沢二丁目168-1,(076)240-7577,(076)249-7142
逸味　潮屋　金沢百番街店,金沢市,金沢市木ノ新保町1-1金沢百番街おみやげ館内,(076)222-0408,(076)249-7142
逸味　潮屋　近江町いちば店,金沢市,金沢市青草町88近江町いちば館1Ｆ,(076)223-0408,(076)249-7142
うしおや　ひがし茶屋街店,金沢市,金沢市東山1-7-9,(076)201-8408,(076)249-7142
美川のあさ市,白山市,白山市美川中町ロ221番地1美川コミュニティプラザ,(076)259-5893,(076)259-6893
JAグリーンセンターすず,珠洲市,珠洲市飯田町8の部56－2,(0768)82-2132,(0768)82-2798
ファミリーマート　わくなみや小橋店,金沢市,金沢市小橋町4-20,(076)252-1187,
ファミリーマート　しばはら杜の里店,金沢市,金沢市もりの里3-102,(076)262-1131,
ファミリーマート　軽海店,小松市,小松市軽海町ﾅ51-1,(0761)47-8808,
ファミリーマート　工大前店,野々市市,野々市市高橋町20-5,(076)294-1225,
ファミリーマート　七尾田鶴浜店,七尾市,七尾市田鶴浜町ﾘ74-2,(0767)68-8155,
ファミリーマート　窪四丁目店,金沢市,金沢市窪4-447,(076)243-1911,
ファミリーマート　金沢安原店,金沢市,金沢市中屋2丁目83番地,(076)269-1007,
ファミリーマート　金沢利屋町店,金沢市,金沢市利屋町る7番地,(076)257-6613,
ファミリーマート　野々市新庄六丁目店,野々市市,野々市市新庄6丁目403,(076)246-7117,
ファミリーマート　千代野ニュータウン店,白山市,白山市北安田西一丁目110,(076)274-7966,
ファミリーマート　七尾藤橋町店,七尾市,七尾市藤橋町申47-1,(0767)52-5471,
ファミリーマート　金沢みどり団地口店,金沢市,金沢市福増町北1053-2,(076)240-9112,
ファミリーマート　金沢新神田店,金沢市,金沢市新神田4丁目5番35号,(076)291-8013,
ファミリーマート　輪島横地町店,輪島市,輪島市横地町1-2-2,(0768)22-7717,
ファミリーマート　輪島塚田町店,輪島市,輪島市塚田町参部18番地4,(0768)22-2362,
ファミリーマート　志賀堀松店,志賀町,羽咋郡志賀町堀松七1番地14,(0767)32-3501,
ファミリーマート　金沢リファーレ店,金沢市,金沢市本町1丁目5番3号,(076)263-3591,
ファミリーマート　金沢土清水店,金沢市,金沢市土清水二丁目15番地,(076)229-8220,
ファミリーマート　羽咋高校前店,羽咋市,羽咋市東川原町柳橋18番地,(0767)22-2421,
ファミリーマート　新今浜インター店,宝達志水町,羽咋郡宝達志水町宿四75番地3,(0767)28-2710,
ファミリーマート　山中店,加賀市,加賀市山中温泉湯の出町ﾚ-14,(0761)78-1726,
ファミリーマート　鶴来店,白山市,白山市明島町西104番地2,(076)273-6066,
ファミリーマート　七尾津向店,七尾市,七尾市津向町ﾄ部106番地の1,(0767)54-8054,
ファミリーマート　金沢元菊店,金沢市,金沢市元菊町5番1号,(076)210-7015,
ファミリーマート　手取あおう店,能美市,能美市粟生町ﾈ50番地1,(0761)58-4414,
ファミリーマート　松任成町店,白山市,白山市新成四丁目235番,(076)274-8044,
ファミリーマート　金沢上安原店,金沢市,金沢市上安原南79番地,(076)249-2621,
ファミリーマート　津幡潟端店,津幡町,河北郡津幡町字潟端408番地,(076)289-2402,
ファミリーマート　能都宇出津店,能登町,鳳珠郡能登町宇出津ﾀ字12番地1,(0768)62-8099,
ファミリーマート　津幡中須加店,津幡町,河北郡津幡町中須加ろ26番地1,(076)289-1377,
ファミリーマート　能登門前店,輪島市,輪島市門前町清水3の54番地4,(0768)42-3204,
ファミリーマート　珠洲中央店,珠洲市,珠洲市上戸町北方い部52番地の1,(0768)82-8440,
ファミリーマート　能登柳田店,能登町,鳳珠郡能登町字天坂ろ19番地,(0768)76-2054,
ファミリーマート　金沢彦三店,金沢市,金沢市彦三町二丁目2番14号,(076)231-1055,
ファミリーマート　小松義仲店,小松市,小松市義仲町140番地,(0761)23-3545,
ファミリーマート　羽咋四柳店,羽咋市,羽咋市四柳町そ35番地1,(0767)26-8001,
ファミリーマート　金沢入江一丁目店,金沢市,金沢市入江1丁目148,(076)292-6033,
ファミリーマート　金沢木材団地店,金沢市,金沢市湊2丁目114番地25,(076)208-2893,
ファミリーマート　金沢疋田店,金沢市,金沢市疋田二丁目123番地,(076)258-2070,
ファミリーマート　金沢大桑店,金沢市,金沢市大桑二丁目42番地,(076)201-4567,
ファミリーマート　能美中町店,能美市,能美市中町ｿ18番地12,(0761)56-2627,
ファミリーマート　七尾飯川店,七尾市,七尾市飯川町け部64番地,(0767)57-6733,
ファミリーマート　金沢専光寺町店,金沢市,金沢市専光寺町ﾚ4番地10,(076)266-5448,
ファミリーマート　輪島中段店,輪島市,輪島市中段町長口3番地2,(0768)23-6009,
ファミリーマート　能登空港インター店,輪島市,輪島市三井町洲衛ろ103番地1,(0768)26-8033,
ファミリーマート　小松城南店,小松市,小松市城南町24番地1,(0761)24-4272,
ファミリーマート　七尾能登島店,七尾市,七尾市能登島向田町五級96番地14,(0767)84-8040,
ファミリーマート　能登松波店,能登町,鳳珠郡能登町字松波弐六字40番地1,(0768)72-0410,
ファミリーマート　小松今江町三丁目店,小松市,小松市今江町三丁目801番地,(0761)25-1248,
ファミリーマート　珠洲宝立町店,珠洲市,珠洲市宝立町金峰寺未字14番地1,(0768)84-1872,
ファミリーマート　小松園町東店,小松市,小松市園町二42番地1,(0761)25-1020,
ファミリーマート　金沢二万堂店,金沢市,金沢市西泉一丁目1番地2,(076)201-4344,
ファミリーマート　金沢粟崎店,金沢市,金沢市粟崎町三丁目297番地1,(076)239-9044,
ファミリーマート　七尾中島町店,七尾市,七尾市中島町中島丙部29番地1,(0767)66-1657,
ファミリーマート　羽咋釜屋町店,羽咋市,羽咋市釜屋町ヰ153番地1,(0767)22-8676,
ファミリーマート　志賀町ますほ店,志賀町,羽咋郡志賀町里本江乙179番地,(0767)42-8030,
ファミリーマート　新小松インター店,小松市,小松市長崎町四丁目135番地,(0761)25-1052,
ファミリーマート　かほくななくぼ店,かほく市,かほく市七窪ﾊ44番地1,(076)283-3482,
ファミリーマート　金沢稚日野店,金沢市,金沢市稚日野町北19番地1,(076)266-5044,
ファミリーマート　珠洲飯田店,珠洲市,珠洲市野々江町ｼの部85番地の1,(0768)82-2641,
ファミリーマート　鹿島能登部店,中能登町,鹿島郡中能登町能登部上ｦ部94番地,(0767)72-7440,
ファミリーマート　加賀箱宮町店,加賀市,加賀市箱宮町ム138番地,(0761)75-8699,
ファミリーマート　小松千木野店,小松市,小松市千木野町と93番地7,(0761)25-4301,
ファミリーマート　七尾千野店,七尾市,七尾市千野町二部36番地,(0767)57-2770,
ファミリーマート　金沢諸江通り店,金沢市,金沢市北安江1丁目14番1号,(076)210-5060,
ファミリーマート　能美徳久店,能美市,能美市徳久町子137番地,(0761)52-8711,
ファミリーマート　小松矢田野店,小松市,小松市矢田野町へ21番地1,(0761)44-6670,
ファミリーマート　かほくバイパス店,かほく市,かほく市横山ｲ28番地,(076)285-2831,
ファミリーマート　金沢御影店,金沢市,金沢市御影町7番15号,(076)241-4046,
ファミリーマート　志賀町土田店,志賀町,羽咋郡志賀町矢田四29番地2,(0767)37-8020,
ファミリーマート　本津幡駅前店,津幡町,河北郡津幡町字清水ﾁ374番地4,(076)288-8876,
ファミリーマート　金沢高畠一丁目店,金沢市,金沢市高畠一丁目323番地,(076)292-4003,
ファミリーマート　輪島中央店,輪島市,輪島市河井町弐参部22番地28,(0768)22-2307,
ファミリーマート　能美五間堂店,能美市,能美市五間堂町戊43番地1,(0761)58-8599,
ファミリーマート　七尾矢田新町店,七尾市,七尾市矢田新町ﾊ31番地1,(0767)53-5851,
ファミリーマート　白山曽谷町店,白山市,白山市曽谷町へ130番地4,(076)273-6844,
ファミリーマート　能美佐野店,能美市,能美市佐野町ハ3番地,(0761)58-7499,
ファミリーマート　穴水インター店,穴水町,鳳珠郡穴水町字此木八42番地,(0768)52-1138,
ファミリーマート　珠洲野々江店,珠洲市,珠洲市野々江町ﾜの部66番地1,(0768)82-2370,
ファミリーマート　かほく松浜店,かほく市,かほく市松浜ｲ11番地3,(076)285-1351,
ファミリーマート　白山美川中町店,白山市,白山市美川中町ｲ43番地1,(076)278-8917,
ファミリーマート　小松若杉町店,小松市,小松市若杉町一丁目68番地,(0761)25-3833,
ファミリーマート　輪島河井店,輪島市,輪島市河井町六部88番地7,(0768)23-6030,
ファミリーマート　輪島宅田店,輪島市,輪島市宅田町157番地,(0768)23-6020,
ファミリーマート　七尾国分町店,七尾市,七尾市国分町ｼ7番地1,(0767)53-1334,
ファミリーマート　川北町役場前店,川北町,能美郡川北町字壱ﾂ屋172番地3,(076)277-9901,
ファミリーマート　白山藤木店,白山市,白山市藤木町479番地1,(076)274-8180,
ファミリーマート　羽咋千里浜インター店,羽咋市,羽咋市兵庫町ﾖ18番地7,(0767)22-2464,
ファミリーマート　加賀インター前店,加賀市,加賀市熊坂町ｵ220番地,(0761)72-8044,
ファミリーマート　金沢松島南店,金沢市,金沢市新保本四丁目65番地7,(076)214-1044,
ファミリーマート　堅田店,金沢市,金沢市堅田町甲75ｰ1,(076)257-7018,
ファミリーマート　辰口丘陵公園前店,能美市,能美市辰口町642-1,(0761)51-6135,
ファミリーマート　野々市工大前店,野々市市,野々市市高橋町62-1,(076)294-9533,
ファミリーマート　金沢額新保店,金沢市,金沢市額新保2丁目284,(076)298-8402,
ファミリーマート　金沢専光寺浜店,金沢市,金沢市専光寺町ﾆ2-1,(076)268-6261,
ファミリーマート　野々市扇が丘店,野々市市,野々市市扇が丘33番13号,(076)246-6203,
ファミリーマート　小松大領店,小松市,小松市大領町ﾛ216,(0761)25-1070,
ファミリーマート　金沢西念二丁目店,金沢市,金沢市西念2丁目27-17,(076)224-4231,
ファミリーマート　加賀作見店,加賀市,加賀市作見町ﾆ57番地1,(0761)73-6353,
ファミリーマート　金沢星稜前店,金沢市,金沢市小坂町南538,(076)252-5224,
ファミリーマート　金沢田上店,金沢市,金沢市田上の里2丁目105番地,(076)233-5250,
ファミリーマート　津幡北中条店,津幡町,河北郡津幡町北中条4丁目83,(076)289-8080,
ファミリーマート　金沢菊川店,金沢市,金沢市本多町一丁目18番3号,(076)210-3955,
ファミリーマート　金沢高柳店,金沢市,金沢市高柳町二字10番1,(076)253-8299,
ファミリーマート　加賀片山津店,加賀市,加賀市片山津町巳44番地,(0761)75-6788,
ファミリーマート　加賀分校店,加賀市,加賀市分校町は77番地1,(0761)74-4527,
ファミリーマート　内灘大学通り店,内灘町,河北郡内灘町字大根布六丁目101番,(076)286-2628,
ファミリーマート　金沢松村三丁目店,金沢市,金沢市松村三丁目448番地,(076)266-5070,
ファミリーマート　金沢乙丸町店,金沢市,金沢市神宮寺3丁目11番15号,(076)252-1077,
ファミリーマート　金沢福久店,金沢市,金沢市福久町ﾎ61番地1,(076)257-9433,
ファミリーマート　金沢幸町店,金沢市,金沢市幸町13番28号,(076)224-4210,
ファミリーマート　金沢朝霧台店,金沢市,金沢市朝霧台二丁目14番地,(076)263-2623,
ファミリーマート　金沢本町二丁目店,金沢市,金沢市本町2丁目11番7号金沢ﾌｺｸ生命駅前ﾋﾞﾙ1階,(076)210-4844,
ファミリーマート　金沢小立野店,金沢市,金沢市小立野3丁目27番22号,(076)223-3931,
ファミリーマート　白山安養寺店,白山市,白山市安養寺町ﾛ38番地1,(076)273-9013,
ファミリーマート　金沢問屋町二丁目店,金沢市,金沢市問屋町二丁目15番2,(076)237-7324,
ファミリーマート　能美大成南店,能美市,能美市大成町ﾄ32番地1,(0761)55-8045,
ファミリーマート　白山福留店,白山市,白山市福留町530番地1,(076)277-7047,
ファミリーマート　穴水東町店,穴水町,鳳珠郡穴水町字川島ｱ16番地,(0768)52-2683,
ファミリーマート　金沢泉野店,金沢市,金沢市泉野町5丁目6番14号,(076)244-6158,
ファミリーマート　内灘鶴ヶ丘店,内灘町,河北郡内灘町字鶴ｹ丘四丁目122番地,(076)286-8180,
ファミリーマート　小松北浅井店,小松市,小松市北浅井町4番,(0761)22-2510,
ファミリーマート　小松向本折町店,小松市,小松市向本折町ﾊ36番地,(0761)23-5180,
ファミリーマート　白山村井店,白山市,白山市村井町44番地1,(076)274-2070,
ファミリーマート　金沢けやき通り店,金沢市,金沢市駅西本町1丁目15番18号ﾄﾘｱｽ1F,(076)222-3620,
ファミリーマート　金沢山科一丁目店,金沢市,金沢市山科一丁目6番57号,(076)242-0505,
ファミリーマート　尼御前ＳＡ下り店,加賀市,加賀市美岬町尼ｺﾞｼﾞ3-2-1,(0761)72-1170,
ファミリーマート　金沢無量寺店,金沢市,金沢市無量寺五丁目69番地1号,(076)267-1160,
ファミリーマート　金沢千木町店,金沢市,金沢市千木町ﾙ55,(076)257-0177,
ファミリーマート　小松沖町店,小松市,小松市沖町周辺区画整理事業施行地区内1街区16,(0761)23-9181,
ファミリーマート　金沢増泉三丁目店,金沢市,金沢市増泉3丁目15番19号,(076)241-2127,
ファミリーマート　羽咋今浜店,宝達志水町,羽咋郡宝達志水町今浜ﾄ176-1,(0767)28-8176,
ファミリーマート　金沢広岡三丁目店,金沢市,金沢市広岡3丁目3番47号,(076)222-3350,
ファミリーマート　金沢小坂町店,金沢市,金沢市小坂町北165番地2,(076)252-0260,
ファミリーマート　穴水大町店,穴水町,鳳珠郡穴水町字大町ろ11番地,(0768)52-8288,
ファミリーマート　野々市本町六丁目店,野々市市,野々市市本町六丁目23番15号,(076)248-0511,
ファミリーマート　金沢額谷三丁目店,金沢市,金沢市額谷3丁目46番地,(076)298-7328,
ファミリーマート　金沢入江店,金沢市,金沢市入江3丁目54番地,(076)291-2011,
ファミリーマート　白山中町店,白山市,白山市中町49番地1,(076)275-1227,
ファミリーマート　七尾白馬店,七尾市,七尾市白馬町9番地1,(0767)57-1370,
ファミリーマート　金沢上堤町店,金沢市,金沢市上堤町1-15金沢上堤町ﾋﾞﾙ1F,(076)233-1280,
ファミリーマート　金沢八田町店,金沢市,金沢市八田町東896番地1,(076)257-1820,
ファミリーマート　金沢諸江町店,金沢市,金沢市諸江町下丁46番1,(076)238-2055,
ファミリーマート　金沢金石東店,金沢市,金沢市金石東3丁目2-5,(076)266-1211,
ファミリーマート　小松長崎町店,小松市,小松市長崎町3丁目106番1他2筆,(0761)23-5017,
ファミリーマート　穴水川島店,穴水町,鳳珠郡穴水町字川島ｷ102番地3,(0768)52-1130,
ファミリーマート　金沢木曳野店,金沢市,金沢市木曳野3丁目23番地,(076)266-5020,
ファミリーマート　コメヤ薬局御経塚店,野々市市,野々市市御経塚3丁目128,(076)269-3000,
ファミリーマート　宝達志水店,宝達志水町,羽咋郡宝達志水町子浦甲32番,(0767)29-2040,
ファミリーマート　小松能美店,小松市,小松市能美町ｲ1番1,(0761)22-2711,
ファミリーマート　小松三谷町店,小松市,小松市三谷町あ168番1,(0761)22-2177,
ファミリーマート　白山中奥町店,白山市,白山市中奥町116番,(076)274-8515,
ファミリーマート　金沢旭町三丁目店,金沢市,金沢市旭町3丁目3番11号,(076)223-2050,
ファミリーマート　加賀伊切町店,加賀市,加賀市伊切町乙42-1,(0761)74-2722,
ファミリーマート　かほく七塚店,かほく市,かほく市浜北ｲ12番4 他5筆,(076)283-5010,
ファミリーマート　河北内灘店,内灘町,河北郡内灘町字鶴ｹ丘1丁目303番地,(076)286-2360,
ファミリーマート　金沢松村店,金沢市,金沢市松村3-543,(076)266-2306,
ファミリーマート　加賀加茂町店,加賀市,加賀市加茂町116番2,(0761)76-8205,
ファミリーマート　金沢野田店,金沢市,金沢市野田二丁目14番地,(076)243-1033,
ファミリーマート　野々市矢作二丁目店,野々市市,野々市市矢作2丁目128番1,(076)294-2559,
ファミリーマート　小松額見町店,小松市,小松市額見町工業団地4番4,(0761)44-6118,
ファミリーマート　加賀大聖寺南町店,加賀市,加賀市大聖寺南町ﾛ2番地1,(0761)72-8002,
ファミリーマート　加賀南郷町店,加賀市,加賀市南郷町ﾚ70番,(0761)72-8022,
ファミリーマート　志賀高浜店,志賀町,羽咋郡志賀町高浜町ﾔ16番地1,(0767)32-6003,
ファミリーマート　志賀富来店,志賀町,羽咋郡志賀町富来領家町甲60番地1,(0767)42-8322,
ファミリーマート　内灘向粟崎店,内灘町,河北郡内灘町字向粟崎1丁目430番地,(076)208-2080,
ファミリーマート　金沢石引店,金沢市,金沢市石引一丁目13番32号,(076)210-5007,
ファミリーマート　金沢涌波店,金沢市,金沢市涌波1丁目6番27号,(076)210-7035,
ファミリーマート　かほく高松中央店,かほく市,かほく市高松ｳ1番1,(076)281-8031,
ファミリーマート　金沢本町店,金沢市,金沢市本町2丁目20番28号,(076)210-3277,
ファミリーマート　金沢伏見新町店,金沢市,金沢市伏見新町337番,(076)201-3160,
ファミリーマート　野々市堀内三丁目店,野々市市,野々市市堀内三丁目29番地,(076)294-5570,
ファミリーマート　小松村松店,小松市,小松市村松町甲92-1,(0761)44-5510,
ファミリーマート　金沢片町店,金沢市,金沢市片町二丁目2番15号 北國ﾋﾞﾙﾃﾞｨﾝｸﾞ1F,(076)210-6399,
ファミリーマート　藤江北店,金沢市,金沢市藤江北4-485,(076)266-5008,
ファミリーマート　羽咋柳田店,羽咋市,羽咋市柳田町七四3番地1,(0767)22-1160,
ファミリーマート　七尾川原町店,七尾市,七尾市川原町20番地1,(0767)54-5677,
ファミリーマート　小松今江店,小松市,小松市今江町9丁目201番地1,(0761)20-3117,
ファミリーマート　金沢田上の里店,金沢市,金沢市田上の里1丁目1番,(076)231-6252,
ファミリーマート　金沢橋場町店,金沢市,金沢市橋場町1番3号,(076)264-8730,
ファミリーマート　小松粟津温泉店,小松市,小松市井口町と30番地2,(0761)65-1181,
ファミリーマート　金沢桜田町店,金沢市,金沢市桜田町1-214,(076)262-0025,
ファミリーマート　津幡加賀爪店,津幡町,河北郡津幡町加賀爪ﾊ88-3,(076)288-7560,
ファミリーマート　金沢百坂店,金沢市,金沢市百坂町ﾆ23番地1,(076)257-5704,
ファミリーマート　薬コメヤ金沢武蔵店,金沢市,金沢市下堤町35番地1,(076)221-9910,
ファミリーマート　金沢駅西口店,金沢市,金沢市北安江一丁目2番15号,(076)210-5244,
ファミリーマート　加賀長谷田店,加賀市,加賀市山中温泉長谷田町ﾛ427番地,(0761)78-1128,
ファミリーマート　Ａコープ加賀野店,白山市,白山市西柏1丁目2番地1,(076)276-6171,
ファミリーマート　東金沢駅前店,金沢市,金沢市三池町189番1 他3筆,(076)213-2022,
ファミリーマート　小松園町店,小松市,小松市園町ﾎ137-5,(0761)23-5085,
ファミリーマート　金沢高尾南店,金沢市,金沢市高尾南三丁目61番地,(076)296-8860,
ファミリーマート　白山新田町店,白山市,白山市新田町269番1,(076)274-8150,
ファミリーマート　金沢東力店,金沢市,金沢市東力2丁目148番地1,(076)291-2310,
ファミリーマート　七尾城山インター店,七尾市,七尾市矢田町五6番地18,(0767)54-6080,
ファミリーマート　七尾細口店,七尾市,七尾市細口町ろ56-1,(0767)52-0422,
ファミリーマート　羽咋中川店,羽咋市,羽咋市中川町ﾍ72番1,(0767)26-2368,
ファミリーマート　七尾駅前店,七尾市,七尾市御祓町ﾎ6番13,(0767)54-8761,
ファミリーマート　鹿島バイパス店,中能登町,鹿島郡中能登町最勝講る49番,(0767)76-8144,
ファミリーマート　能登高浜店,志賀町,羽咋郡志賀町高浜町ｹ1番30,(0767)32-3465,
ファミリーマート　七尾和倉店,七尾市,七尾市石崎町香島一丁目6番地,(0767)62-3416,
ファミリーマート　金沢増泉店,金沢市,金沢市増泉一丁目18番14号,(076)201-6711,
ファミリーマート　金沢大学店,金沢市,金沢市若松町ﾐ3番地1(金沢大学角間ｷｬﾝﾊﾟｽ内),(076)210-4112,
ファミリーマート　金沢寺町店,金沢市,金沢市寺町一丁目2番18号,(076)241-2406,
ファミリーマート　金沢天神町店,金沢市,金沢市天神町一丁目14番11号,(076)260-4641,
ファミリーマート　金沢涌波三丁目店,金沢市,金沢市涌波三丁目1番16号,(076)210-5906,
ファミリーマート　金沢増泉中央店,金沢市,金沢市増泉一丁目19番32号,(076)242-2453,
ファミリーマート　石川屋金沢笠舞店,金沢市,金沢市笠舞本町2-2-8,(076)224-4660,
ファミリーマート　金沢片町二丁目店,金沢市,金沢市片町2丁目1番6号,(076)210-4677,
ファミリーマート　金沢東大通り店,金沢市,金沢市昌永町17-8,(076)253-9449,
ファミリーマート　金沢泉本町店,金沢市,金沢市泉本町5丁目3番地,(076)201-3594,
ファミリーマート　内灘向陽台店,内灘町,河北郡内灘町字向陽台1-207,(076)208-2144,
ファミリーマート　白尾インター店,かほく市,かほく市白尾ﾇ13番1,(076)283-9122,
ファミリーマート　金沢岸川店,金沢市,金沢市岸川町り63番1,(076)257-8071,
ファミリーマート　かほく大崎南店,かほく市,かほく市内日角ｶ1番1,(076)283-8944,
ファミリーマート　内灘大根布店,内灘町,河北郡内灘町字大根布五丁目288番地,(076)286-9029,
ファミリーマート　金沢本町二丁目店,金沢市,金沢市本町2丁目11番7号金沢ﾌｺｸ生命駅前ﾋﾞﾙ1階,(076)210-4844,
ファミリーマート　金沢堀川店,金沢市,金沢市堀川町976番5,(076)224-3462,
ファミリーマート　金沢中央市場店,金沢市,金沢市西念四丁目22番12号,(076)210-4716,
ファミリーマート　金沢みなと店,金沢市,金沢市大野町四丁目ｦ31番地1,(076)268-2483,
ファミリーマート　野々市菅原店,野々市市,野々市市菅原町21番地48号,(076)294-8005,
ファミリーマート　能美大成町店,能美市,能美市大成町2丁目36番地,(0761)56-1701,
ファミリーマート　野々市野代店,野々市市,野々市市野代3丁目120番地,(076)294-8019,
ファミリーマート　金沢新保本店,金沢市,金沢市新保本5丁目113番地,(076)240-6328,
ファミリーマート　野々市郷二丁目店,野々市市,野々市市郷二丁目125番地,(076)248-3046,
ファミリーマート　金沢大河端町店,金沢市,金沢市大河端西二丁目74番地,(076)208-2276,
ファミリーマート　金沢三口町店,金沢市,金沢市三口町火330番地,(076)238-3462,
ファミリーマート　金沢西念三丁目店,金沢市,金沢市西念3丁目32-16,(076)224-2407,
ファミリーマート　金沢木越店,金沢市,金沢市千木町口93-1,(076)257-3140,
ファミリーマート　石川県庁前店,金沢市,金沢市西都一丁目59番,(076)268-4883,
ファミリーマート　白山インター店,金沢市,金沢市中屋南84番地,(076)249-3418,
ファミリーマート　金沢二口店,金沢市,金沢市二口町ｲ101番地,(076)224-2413,
ファミリーマート　能美道林店,能美市,能美市道林町へ45番地,(0761)56-2301,
ファミリーマート　金沢みどり店,金沢市,金沢市みどり一丁目255番地1,(076)240-3639,
ファミリーマート　能美寺井町店,能美市,能美市小長野町ﾄ41番地1,(0761)58-4502,
ファミリーマート　野々市新庄四丁店目,野々市市,野々市市新庄四丁目45番地1,(076)294-4230,
ファミリーマート　小松軽海町店,小松市,小松市軽海町甲10番地1,(0761)47-1406,
ファミリーマート　小松向本折町西店,小松市,小松市向本折町巳266番地1,(0761)21-3406,
ファミリーマート　小松河田町店,小松市,小松市河田町丙33番地1,(0761)47-8701,
ファミリーマート　白山徳丸店,白山市,白山市徳丸町66番地3,(076)275-3172,
ファミリーマート　白山平松店,白山市,白山市平松町87-1,(076)274-8010,
ファミリーマート　白山柏野バイパス店,白山市,白山市荒屋柏野町620-1,(076)274-3423,
ファミリーマート　山代中学校前店,加賀市,加賀市上野町ｴ46番地1,(0761)77-8005,
ファミリーマート　白山宮永町店,白山市,白山市宮永町432番1,(076)274-8028,
ファミリーマート　白山美川インター店,白山市,白山市鹿島町二号15番地,(076)278-7247,
ファミリーマート　白山月橋店,白山市,白山市月橋町293番地,(076)273-8210,
ファミリーマート　小松平面店,小松市,小松市平面町ｶ81番1,(0761)24-2414,
ファミリーマート　白山三浦町店,白山市,白山市三浦町613番地1,(076)274-4708,
ファミリーマート　小松市民病院前店,小松市,小松市向本折町ﾆ24番地1,(0761)20-2394,
アル・プラザ加賀,加賀市,加賀市作見町ル25番1,(0761)73-5300,(0761)73-5301
アル・プラザ小松,小松市,小松市園町八23番地1,(0761)23-1211,(0761)23-0399
アル・プラザ金沢,金沢市,金沢市諸江町30番1号,(076)260-1331,(076)260-0890
アル・プラザ津幡,津幡町,河北郡津幡町北中条1丁目1番地,(076)289-0800,(076)289-0801
アル・プラザ鹿島,中能登町,鹿島郡中能登町井田と部1番地1,(0767)76-2211,(0767)76-2222
アルプラフーズマーケット大河端,金沢市,金沢市大河端西2丁目15番地,,
有限会社シャルドン,羽咋市,羽咋市兵庫町タ11番地3,(0767)22-8648,(0767)22-8648
スーパー トミクル,志賀町,羽咋郡志賀町富来領家町甲の26,(0767)42-1500,(0767)42-2929
麻生ふれ愛山菜加工組合,七尾市,七尾市麻生町薄杵ヶ入り19-甲 8-1,(0767)59-8331,(0767)59-8331
灘わくわく市場,七尾市,七尾市庵町笹ヶ谷内3－1,(076)59-1415,(076)59-1415
株式会社中島ストアー,七尾市,七尾市矢田新町ホ部49,(0767)53-0988,(0767)53-0953
JAグリーン加賀　元気村,加賀市,加賀市作見町ホ10-1,(0761)75-7100,(0761)75-7101
加賀かきもち丸山,小松市,小松市安宅町タ121,(0761)22-2066,(0761)24-2021
アピタ金沢店,金沢市,金沢市中村町10-20,(076)226-3111,(076)226-3119
アピタ松任店,白山市,白山市幸明町280番地,(076)274-6611,(076)274-6619
ピアゴ金沢ベイ店,金沢市,金沢市無量寺4丁目56番地,(076)225-2511,(076)225-2518
ケーキハウスエンゼル,金沢市,金沢市福増南79-1,(076)240-1143,(076)240-1143
交流施設　狼煙,珠洲市,珠洲市狼煙町テ部11番,(0768)86-2525,(0768)86-2555
魚料理・民宿　やまじゅう,かほく市,かほく市浜北ハ20-1,(076)283-3455,(076)283-3448
お菓子の工房　クルトン,白山市,白山市八ツ矢町620,(076)275-4227,(076)275-4227
山中温泉湯座屋市（ゆざや朝市）,加賀市,加賀市山中温泉湯の出町湯の曲輪,(0761)78-0850,(0761)78-0850
まいわぁー直売所,輪島市,輪島市三井町洲衛66甲,(0768)26-1353,(0768)26-1353
朝とり市場,珠洲市,珠洲市正院町正院21-73（ＪＡすずし正院支店）,(0768)82-0409,(0768)82-0380
わくわくファーム川北,川北町,能美郡川北町字壱ツ屋183-3,(076)277-8989,(076)277-8990
中ノ峠物産販売所,小松市,小松市中ノ峠町ヌ103乙,(0761)47-5263,(0761)47-5263
道の駅こまつ木場潟　旬菜市場じのもんや,小松市,小松市蓮代寺町ケ2番地2,(0761)25-1188,(0761)22-0125
加賀野菜・地物野菜なかまさ,加賀市,加賀市山中温泉南町ロ-76－3,(0761)78-1112,(0761)78-1391
世界の食品ダイヤモンド,金沢市,金沢市下近江町24,(076)232-0341,(076)232-0346
白山観光物産センター（道の駅瀬女）,白山市,白山市瀬戸寅163－1,(076)256-7172,(076)256-7173
大阪屋ショップ　近岡店,金沢市,金沢市近岡町358番地,(076)239-2212,(076)239-2232
大阪屋ショップ　松任店,白山市,白山市五歩市町435-1,(076)276-5353,(076)276-5357
大阪屋ショップ　鶴来店,白山市,白山市知気寺町ち64,(076)273-1300,(076)273-1303
大阪屋ショップ　野々市三納店,野々市市,野々市市三納1丁目193番地,(076)248-0610,(076)248-0670
大阪屋ショップ　大徳店,金沢市,金沢市松村町ヌ75番,(076)266-3070,(076)266-3071
大阪屋ショップ　かほく店,かほく市,かほく市白尾ニ9-1,(076)208-5536,(076)208-5537
みちのえき 旬菜館,志賀町,羽咋郡志賀町末吉新保向10番地,(0767)32-4831,(0767)32-0038
MEGAドン・キホーテ　ラパーク金沢店,金沢市,金沢市西泉4丁目11番,(076)247-3810,(076)247-1907
根木ぼら待ち市場,穴水町,鳳珠郡穴水町根木ホ165,(0768)52-8222,(0768)52-8222
(有)西村酒店　リカーズにしむら,野々市市,野々市市押野1－5,(076)248-0650,(076)248-9778
マックスバリュ　羽咋店,羽咋市,羽咋市石野町イ7,(0767)22-8777,(0767)22-5522
マックスバリュ　東金沢駅前店,金沢市,金沢市高柳町十三字1番1,(076)251-3611,(076)251-3618
マックスバリュ　金沢駅西本町店,金沢市,金沢市駅西本町5－2－13,(076)265-1230,(076)265-1220
マックスバリュ　内灘店,内灘町,河北郡内灘町字千鳥台4丁目1番,(076)237-5532,(076)237-5572
マックスバリュ　増泉店,金沢市,金沢市増泉4丁目3番3,(076)244-0016,(076)244-0046
マックスバリュ　金沢しめの店,金沢市,金沢市示野中町79街区1,(076)268-6800,(076)268-6838
マックスバリュ　野々市店,野々市市,野々市市白山町4番1号,(076)267-7812,(076)268-2030
ｾﾌﾞﾝｲﾚﾌﾞﾝ　金沢石川県庁前,金沢市,金沢市鞍月東2丁目14,(076)237-1071,
ｾﾌﾞﾝｲﾚﾌﾞﾝ　金沢鞍月４丁目,金沢市,金沢市鞍月4-181,(076)267-6337,
ｾﾌﾞﾝｲﾚﾌﾞﾝ　ＫＯＹＯ石川県立中央病院,金沢市,金沢市鞍月東2-1,(076)239-0181,
ｾﾌﾞﾝｲﾚﾌﾞﾝ　金沢駅西本町３丁目,金沢市,金沢市駅西本町3-15-20,(076)224-4570,
ｾﾌﾞﾝｲﾚﾌﾞﾝ　金沢円光寺本町,金沢市,金沢市円光寺本町240,(076)244-7119,
ｾﾌﾞﾝｲﾚﾌﾞﾝ　金沢横川６丁目,金沢市,金沢市横川6-184-1,(076)241-3252,
ｾﾌﾞﾝｲﾚﾌﾞﾝ　KOYO金沢医療センター,金沢市,金沢市下石引町1-1,(076)264-9083,
ｾﾌﾞﾝｲﾚﾌﾞﾝ　金沢吉原町,金沢市,金沢市吉原町ハ26番1,(076)257-5530,
ｾﾌﾞﾝｲﾚﾌﾞﾝ　金沢久安２丁目,金沢市,金沢市久安3-400,(076)241-6855,
ｾﾌﾞﾝｲﾚﾌﾞﾝ　金沢京町,金沢市,金沢市京町2-26,(076)251-7118,
ｾﾌﾞﾝｲﾚﾌﾞﾝ　金沢近岡町,金沢市,金沢市近岡町52-1,(076)238-7765,
ｾﾌﾞﾝｲﾚﾌﾞﾝ　金沢桂町,金沢市,金沢市桂町イ35-1,(076)268-7277,
ｾﾌﾞﾝｲﾚﾌﾞﾝ　金沢古府１丁目,金沢市,金沢市古府1-54,(076)249-6577,
ｾﾌﾞﾝｲﾚﾌﾞﾝ　金沢古府３丁目,金沢市,金沢市古府3-33,(076)240-6697,
ｾﾌﾞﾝｲﾚﾌﾞﾝ　金沢高岡町,金沢市,金沢市高岡町3-20,(076)224-7785,
ｾﾌﾞﾝｲﾚﾌﾞﾝ　金沢三ツ屋町,金沢市,金沢市三ツ屋町ロ42-1,(076)237-6401,
ｾﾌﾞﾝｲﾚﾌﾞﾝ　金沢三口新町３丁目,金沢市,金沢市三口新町3丁目614,(076)260-5107,
ｾﾌﾞﾝｲﾚﾌﾞﾝ　金沢中央郵便局前,金沢市,金沢市三社町3-21,(076)222-4022,
ｾﾌﾞﾝｲﾚﾌﾞﾝ　金沢三池,金沢市,金沢市三池栄町293,(076)253-3013,
ｾﾌﾞﾝｲﾚﾌﾞﾝ　金沢三馬３丁目,金沢市,金沢市三馬3-250,(076)244-8515,
ｾﾌﾞﾝｲﾚﾌﾞﾝ　金沢寺中町,金沢市,金沢市寺中町ホ16-1,(076)266-1097,
ｾﾌﾞﾝｲﾚﾌﾞﾝ　金沢諸江町,金沢市,金沢市諸江町中丁163-4,(076)221-2009,
ｾﾌﾞﾝｲﾚﾌﾞﾝ　金沢小金町,金沢市,金沢市小金町9-17,(076)251-2202,
ｾﾌﾞﾝｲﾚﾌﾞﾝ　金沢小坂町西,金沢市,金沢市小坂町西116,(076)252-7110,
ｾﾌﾞﾝｲﾚﾌﾞﾝ　昭和町,金沢市,金沢市昭和町16番1号,(076)260-7317,
ｾﾌﾞﾝｲﾚﾌﾞﾝ　金沢松村４丁目,金沢市,金沢市松村4丁目370,(076)267-5680,
ｾﾌﾞﾝｲﾚﾌﾞﾝ　金沢松村町,金沢市,金沢市松村町ヌ-45,(076)267-6036,
ｾﾌﾞﾝｲﾚﾌﾞﾝ　金沢神谷内町,金沢市,金沢市神谷内町ニ61,(076)253-0775,
ｾﾌﾞﾝｲﾚﾌﾞﾝ　金沢西泉２丁目,金沢市,金沢市西泉2-116-1,(076)247-7118,
ｾﾌﾞﾝｲﾚﾌﾞﾝ　金沢専光寺町,金沢市,金沢市専光寺町レ4-2,(076)266-0300,
ｾﾌﾞﾝｲﾚﾌﾞﾝ　金沢泉野出町１丁目,金沢市,金沢市泉野出町1-16-17,(076)241-1170,
ｾﾌﾞﾝｲﾚﾌﾞﾝ　金沢泉野町,金沢市,金沢市泉野町1-227-1,(076)241-3810,
ｾﾌﾞﾝｲﾚﾌﾞﾝ　金沢浅野本町,金沢市,金沢市浅野本町ロ171-1,(076)253-3707,
ｾﾌﾞﾝｲﾚﾌﾞﾝ　金沢袋町,金沢市,金沢市袋町5-8,(076)260-7558,
ｾﾌﾞﾝｲﾚﾌﾞﾝ　金沢大額３丁目,金沢市,金沢市大額3-236,(076)298-0710,
ｾﾌﾞﾝｲﾚﾌﾞﾝ　大桑２丁目,金沢市,金沢市大桑2丁目129番地,(076)247-3570,
ｾﾌﾞﾝｲﾚﾌﾞﾝ　大手町,金沢市,金沢市大手町173番地,(076)223-3773,
ｾﾌﾞﾝｲﾚﾌﾞﾝ　池田町,金沢市,金沢市池田町4番丁6-3,(076)223-5576,
ｾﾌﾞﾝｲﾚﾌﾞﾝ　直江町,金沢市,金沢市直江町イ239番地,(076)238-7717,
ｾﾌﾞﾝｲﾚﾌﾞﾝ　金沢入江１丁目,金沢市,金沢市入江1-202,(076)291-0105,
ｾﾌﾞﾝｲﾚﾌﾞﾝ　金沢八日市５丁目,金沢市,金沢市八日市5-429,(076)249-7705,
ｾﾌﾞﾝｲﾚﾌﾞﾝ　金沢福増町,金沢市,金沢市福増町北1382-1,(076)269-0078,
ｾﾌﾞﾝｲﾚﾌﾞﾝ　金沢平和町,金沢市,金沢市平和町2-96,(076)245-7377,
ｾﾌﾞﾝｲﾚﾌﾞﾝ　金沢米泉１０丁目,金沢市,金沢市米泉町10-39-10,(076)249-7502,
ｾﾌﾞﾝｲﾚﾌﾞﾝ　金沢米泉８丁目,金沢市,金沢市米泉町8-90,(076)247-7711,
ｾﾌﾞﾝｲﾚﾌﾞﾝ　金沢片町１丁目,金沢市,金沢市片町１丁目4-16,(076)224-7110,
ｾﾌﾞﾝｲﾚﾌﾞﾝ　金沢片町中央,金沢市,金沢市片町１丁目5-15,(076)264-3882,
ｾﾌﾞﾝｲﾚﾌﾞﾝ　金沢保古３丁目,金沢市,金沢市保古3-37,(076)269-4412,
ｾﾌﾞﾝｲﾚﾌﾞﾝ　金沢芳斉２丁目,金沢市,金沢市芳斉2丁目354,(076)221-7113,
ｾﾌﾞﾝｲﾚﾌﾞﾝ　金沢北安江４丁目,金沢市,金沢市北安江4-11-27,(076)221-7110,
ｾﾌﾞﾝｲﾚﾌﾞﾝ　金沢問屋町２丁目,金沢市,金沢市問屋町2-84-1,(076)237-2560,
ｾﾌﾞﾝｲﾚﾌﾞﾝ　金沢矢木２丁目,金沢市,金沢市矢木2-212,(076)240-1665,
ｾﾌﾞﾝｲﾚﾌﾞﾝ　金沢薬師堂,金沢市,金沢市薬師堂町イ101,(076)224-0711,
ｾﾌﾞﾝｲﾚﾌﾞﾝ　金沢有松５丁目,金沢市,金沢市有松5-45-1,(076)247-8780,
ｾﾌﾞﾝｲﾚﾌﾞﾝ　かほく高松インター,かほく市,かほく市高松ア21-1,(076)281-0255,
ｾﾌﾞﾝｲﾚﾌﾞﾝ　かほく長柄町,かほく市,かほく市高松ロ268-1,(076)282-5611,
ｾﾌﾞﾝｲﾚﾌﾞﾝ　かほく白尾インター,かほく市,かほく市白尾ル14-3,(076)283-2205,
ｾﾌﾞﾝｲﾚﾌﾞﾝ　かほく白尾,かほく市,かほく市白尾ロ49-1,(076)283-7790,
ｾﾌﾞﾝｲﾚﾌﾞﾝ　羽咋石野町,羽咋市,羽咋市石野町イ55-1,(0767)22-7802,
ｾﾌﾞﾝｲﾚﾌﾞﾝ　羽咋千里浜インター,羽咋市,羽咋市兵庫町午4番6,(0767)22-2070,
ｾﾌﾞﾝｲﾚﾌﾞﾝ　加賀河南,加賀市,加賀市河南町167,(076)176-0051,
ｾﾌﾞﾝｲﾚﾌﾞﾝ　加賀作見町,加賀市,加賀市作見町ニ27,(0761)72-6627,
ｾﾌﾞﾝｲﾚﾌﾞﾝ　加賀別所口,加賀市,加賀市山代温泉南町18番1,(0761)77-4775,
ｾﾌﾞﾝｲﾚﾌﾞﾝ　加賀山代温泉入口,加賀市,加賀市山代温泉北部3丁目47,(0761)77-3070,
ｾﾌﾞﾝｲﾚﾌﾞﾝ　加賀新保町,加賀市,加賀市新保町ケ8-4,(0761)74-5250,
ｾﾌﾞﾝｲﾚﾌﾞﾝ　加賀市役所前,加賀市,加賀市大聖寺東町4-16,(0761)72-5057,
ｾﾌﾞﾝｲﾚﾌﾞﾝ　加賀分校,加賀市,加賀市分校町フ93-1,(076)174-7555,
ｾﾌﾞﾝｲﾚﾌﾞﾝ　津幡横浜,津幡町,河北郡津幡町字横浜い147-2,(076)288-7511,
ｾﾌﾞﾝｲﾚﾌﾞﾝ　津幡太田,津幡町,河北郡津幡町字太田31-1,(076)288-2670,
ｾﾌﾞﾝｲﾚﾌﾞﾝ　内灘白帆台,内灘町,河北郡内灘町白帆台2-1,(076)286-5112,
ｾﾌﾞﾝｲﾚﾌﾞﾝ　中能登羽坂,中能登町,鹿島郡中能登町羽坂の部15番地1,(0767)74-0077,
ｾﾌﾞﾝｲﾚﾌﾞﾝ　中能登町徳前,中能登町,鹿島郡中能登町徳前の部10番地1,(0767)76-0083,
ｾﾌﾞﾝｲﾚﾌﾞﾝ　七尾古府町,七尾市,七尾市古府町る3-1,(0767)53-3875,
ｾﾌﾞﾝｲﾚﾌﾞﾝ　七尾国分町,七尾市,七尾市国分町ナ49番,(0767)52-7113,
ｾﾌﾞﾝｲﾚﾌﾞﾝ　七尾小島町,七尾市,七尾市小島町ヘ130-4,(0767)52-0789,
ｾﾌﾞﾝｲﾚﾌﾞﾝ　七尾常盤町,七尾市,七尾市常盤町6番4,(0767)53-0711,
ｾﾌﾞﾝｲﾚﾌﾞﾝ　七尾和倉温泉,七尾市,七尾市石崎町香島1-23-1,(0767)62-1267,
ｾﾌﾞﾝｲﾚﾌﾞﾝ　七尾大田,七尾市,七尾市大田町108-14-1,(0767)52-2116,
ｾﾌﾞﾝｲﾚﾌﾞﾝ　七尾本府中,七尾市,七尾市本府中町ヲ25-1,(0767)52-2208,
ｾﾌﾞﾝｲﾚﾌﾞﾝ　七尾城山センター,七尾市,七尾市矢田町25号雉子曽1-1,(0767)53-5007,
ｾﾌﾞﾝｲﾚﾌﾞﾝ　七尾和倉和歌崎,七尾市,七尾市和倉町和歌崎7番3,(0767)62-0711,
ｾﾌﾞﾝｲﾚﾌﾞﾝ　小松園町,小松市,小松市園町ハ188-1,(0761)24-2307,
ｾﾌﾞﾝｲﾚﾌﾞﾝ　小松串茶屋町,小松市,小松市串茶屋町い143-2,(076)176-0051,
ｾﾌﾞﾝｲﾚﾌﾞﾝ　小松今江３丁目,小松市,小松市今江町3丁目404番,(0761)23-2533,
ｾﾌﾞﾝｲﾚﾌﾞﾝ　小松矢崎町,小松市,小松市今江町ツ121-5,(076)124-5010,
ｾﾌﾞﾝｲﾚﾌﾞﾝ　小松佐々木,小松市,小松市佐々木町139,(0761)47-1722,
ｾﾌﾞﾝｲﾚﾌﾞﾝ　小松インター,小松市,小松市小島町ル32-1,(076)121-2224,
ｾﾌﾞﾝｲﾚﾌﾞﾝ　小松大島町,小松市,小松市大島町丙162-8,(076)121-1077,
ｾﾌﾞﾝｲﾚﾌﾞﾝ　小松長田町,小松市,小松市長田町ロ33-4,(076)121-2275,
ｾﾌﾞﾝｲﾚﾌﾞﾝ　小松島町,小松市,小松市島町ヲ1-1,(076)143-3771,
ｾﾌﾞﾝｲﾚﾌﾞﾝ　小松日の出町２丁目,小松市,小松市日の出町2丁目101,(0761)22-1523,
ｾﾌﾞﾝｲﾚﾌﾞﾝ　小松矢田野町,小松市,小松市矢田野町へ104,(0761)44-3277,
ｾﾌﾞﾝｲﾚﾌﾞﾝ　川北橘,川北町,能美郡川北町橘オ51番1,(076)277-2828,
ｾﾌﾞﾝｲﾚﾌﾞﾝ　能美粟生,能美市,能美市粟生町ソ15番地,(0761)57-2170,
ｾﾌﾞﾝｲﾚﾌﾞﾝ　能美五間堂,能美市,能美市五間堂町乙80-1,(0761)55-0717,
ｾﾌﾞﾝｲﾚﾌﾞﾝ　能美山田町,能美市,能美市山田町15-1,(0761)51-6110,
ｾﾌﾞﾝｲﾚﾌﾞﾝ　能美大長野町,能美市,能美市大成町ﾄ32番地1大長野町ト80-1,(0761)57-1139,
ｾﾌﾞﾝｲﾚﾌﾞﾝ　能美大浜町,能美市,能美市大浜町ク56-5,(0761)55-5911,
ｾﾌﾞﾝｲﾚﾌﾞﾝ　能美辰口,能美市,能美市辰口町979－2,(0761)51-7051,
ｾﾌﾞﾝｲﾚﾌﾞﾝ　能美福島町,能美市,能美市福島町ル28番1,(0761)55-5770,
ｾﾌﾞﾝｲﾚﾌﾞﾝ　白山安養寺,白山市,白山市安養寺町ト64番1,(076)273-2617,
ｾﾌﾞﾝｲﾚﾌﾞﾝ　白山横江町,白山市,白山市横江町1160-1,(076)274-6477,
ｾﾌﾞﾝｲﾚﾌﾞﾝ　白山宮永,白山市,白山市宮永町311-1,(076)275-7112,
ｾﾌﾞﾝｲﾚﾌﾞﾝ　白山五歩市町,白山市,白山市五歩市町364-1,(076)275-3571,
ｾﾌﾞﾝｲﾚﾌﾞﾝ　美川インター,白山市,白山市鹿島町2-50-1,(076)278-2882,
ｾﾌﾞﾝｲﾚﾌﾞﾝ　松任石川中央病院,白山市,白山市倉光3-8,(076)276-2836,
ｾﾌﾞﾝｲﾚﾌﾞﾝ　白山村井町,白山市,白山市村井町680-1,(076)275-9711,
ｾﾌﾞﾝｲﾚﾌﾞﾝ　白山中成２丁目,白山市,白山市中成2-99,(076)276-5033,
ｾﾌﾞﾝｲﾚﾌﾞﾝ　鶴来白山町,白山市,白山市白山町196-1,(076)273-3110,
ｾﾌﾞﾝｲﾚﾌﾞﾝ　白山八ツ矢町,白山市,白山市八ツ矢町617-1,(076)276-7116,
ｾﾌﾞﾝｲﾚﾌﾞﾝ　白山平松町,白山市,白山市平松町109－1,(076)274-5101,
ｾﾌﾞﾝｲﾚﾌﾞﾝ　白山北安田南,白山市,白山市北安田町5303,(076)275-5578,
ｾﾌﾞﾝｲﾚﾌﾞﾝ　野々市押野１丁目,野々市市,野々市市押野1-376,(076)294-6671,
ｾﾌﾞﾝｲﾚﾌﾞﾝ　野々市押野２丁目,野々市市,野々市市押野2-85,(076)246-6711,
ｾﾌﾞﾝｲﾚﾌﾞﾝ　野々市下林３丁目,野々市市,野々市市下林3-290,(076)294-7776,
ｾﾌﾞﾝｲﾚﾌﾞﾝ　野々市高橋町,野々市市,野々市市高橋町19－19,(076)246-7474,
ｾﾌﾞﾝｲﾚﾌﾞﾝ　野々市三日市,野々市市,野々市市三日市町318-1,(076)294-7210,
ｾﾌﾞﾝｲﾚﾌﾞﾝ　野々市住吉,野々市市,野々市市住吉町145-1,(076)248-7113,
ｾﾌﾞﾝｲﾚﾌﾞﾝ　野々市上林４丁目,野々市市,野々市市上林4丁目366,(076)294-7712,
ｾﾌﾞﾝｲﾚﾌﾞﾝ　野々市新庄２丁目,野々市市,野々市市新庄2-248,(076)294-1270,
ｾﾌﾞﾝｲﾚﾌﾞﾝ　野々市扇が丘,野々市市,野々市市扇が丘531,(076)248-5066,
ｾﾌﾞﾝｲﾚﾌﾞﾝ　野々市太平寺３丁目,野々市市,野々市太平寺3-186-3,(076)294-7119,
ｾﾌﾞﾝｲﾚﾌﾞﾝ　野々市二日市,野々市市,野々市市二日市1-15,(076)246-5512,
ｾﾌﾞﾝｲﾚﾌﾞﾝ　野々市本町６丁目,野々市市,野々市市本町6-10-30,(076)246-0021,
ｾﾌﾞﾝｲﾚﾌﾞﾝ　野々市矢作北,野々市市,野々市市矢作4-12,(076)248-0380,
四十萬谷本舗　本店,金沢市,金沢市弥生1-17-28,(076)241-3122,
四十萬谷本舗　エムザ店,金沢市,金沢市武蔵町15-1　名鉄エムザ地下1階,(076)260-2405,
四十萬谷本舗　アトリオ店,金沢市,金沢市香林坊1-1-1　アトリオ地下1階,(076)220-1068,
四十萬谷本舗　百番街あんと店,金沢市,金沢市広岡町ロ-1　金沢駅百番街あんと内,(076)260-3737,
四十萬谷本舗　金沢南店,野々市市,野々市市上林5－5,(076)248-8090,
産直館　織姫市場,中能登町,鹿島郡中能登町井田ぬ部10番地1（道の駅「織姫の里なかのと」内）,(0767)76-8000,(0767)76-8001
スギヨファーム直売所,七尾市,七尾市府中町員外27-1,(0767)54-0831,(0767)52-2571
奥能登山海市場,七尾市,七尾市中島町田岸ソ1番地8,(0767)78-1021,(0767)78-1022
中出精肉店,小松市,小松市龍助町1,(0761)22-3171,(0761)24-1911
